Playlist Name,Video Name,Video URL,Duration,Preview Image
Anime Shorts,Black Clover Anime Edit,https://www.youtube.com/watch?v=nFKPzrjeZv0,PT20S,https://i.ytimg.com/vi/nFKPzrjeZv0/hqdefault.jpg
Anime Shorts,Asta vs. Conrad,https://www.youtube.com/watch?v=K5RDcyZFcdY,PT25S,https://i.ytimg.com/vi/K5RDcyZFcdY/hqdefault.jpg
Anime Shorts,Muichiro vs Gyokko,https://www.youtube.com/watch?v=v21ttyEpHjc,PT18S,https://i.ytimg.com/vi/v21ttyEpHjc/hqdefault.jpg
Anime Shorts,Kaneki edit,https://www.youtube.com/watch?v=n4tKHn_nnco,PT16S,https://i.ytimg.com/vi/n4tKHn_nnco/hqdefault.jpg
Anime Shorts,Zhu Jin Entry,https://www.youtube.com/watch?v=sxfe0HiqtDA,PT12S,https://i.ytimg.com/vi/sxfe0HiqtDA/hqdefault.jpg
Anime Shorts,Demon Slayer 4th Season Trailer,https://www.youtube.com/watch?v=CO4XTw4i_UU,PT13S,https://i.ytimg.com/vi/CO4XTw4i_UU/hqdefault.jpg
Anime Shorts,Muichiro finishes off Gyokko,https://www.youtube.com/watch?v=6MZJ9musb88,PT21S,https://i.ytimg.com/vi/6MZJ9musb88/hqdefault.jpg
Anime Shorts,Buddha vs. Papiyas,https://www.youtube.com/watch?v=VyG9tm3OnBE,PT15S,https://i.ytimg.com/vi/VyG9tm3OnBE/hqdefault.jpg
Anime Shorts,Rudeus edit,https://www.youtube.com/watch?v=1pjm9tM8H6E,PT12S,https://i.ytimg.com/vi/1pjm9tM8H6E/hqdefault.jpg
Anime Shorts,Akira meets Shizuka,https://www.youtube.com/watch?v=FG2iXzPEVoA,PT12S,https://i.ytimg.com/vi/FG2iXzPEVoA/hqdefault.jpg
Anime Shorts,Ayanokoji Edit,https://www.youtube.com/watch?v=tSH7bkU3jlw,PT12S,https://i.ytimg.com/vi/tSH7bkU3jlw/hqdefault.jpg
Anime Shorts,Akaza Edit,https://www.youtube.com/watch?v=oO0mhgyG6R8,PT19S,https://i.ytimg.com/vi/oO0mhgyG6R8/hqdefault.jpg
Anime Shorts,Akatsuki Edit,https://www.youtube.com/watch?v=ULYoxk3jv-0,PT23S,https://i.ytimg.com/vi/ULYoxk3jv-0/hqdefault.jpg
Anime Shorts,Tomura overpowers the heroes,https://www.youtube.com/watch?v=Dna1JPPBmDI,PT16S,https://i.ytimg.com/vi/Dna1JPPBmDI/hqdefault.jpg
Anime Shorts,Boru-shiki appears with rasengan,https://www.youtube.com/watch?v=WRtvS-f0b_A,PT30S,https://i.ytimg.com/vi/WRtvS-f0b_A/hqdefault.jpg
Anime Shorts,Jujutsu Kaisen season 2 edit,https://www.youtube.com/watch?v=kzfKsh4flb0,PT18S,https://i.ytimg.com/vi/kzfKsh4flb0/hqdefault.jpg
Anime Shorts,Nezuko edit,https://www.youtube.com/watch?v=xx_Lm4Z1jv8,PT11S,https://i.ytimg.com/vi/xx_Lm4Z1jv8/hqdefault.jpg
Anime Shorts,Geto Suguru edit,https://www.youtube.com/watch?v=jErhWXaZG-A,PT18S,https://i.ytimg.com/vi/jErhWXaZG-A/hqdefault.jpg
Anime Shorts,Obito with Gedo Statue,https://www.youtube.com/watch?v=APSXIl_ogLs,PT13S,https://i.ytimg.com/vi/APSXIl_ogLs/hqdefault.jpg
Anime Shorts,Killua Badass Moment,https://www.youtube.com/watch?v=Fg_3-w1cOJE,PT21S,https://i.ytimg.com/vi/Fg_3-w1cOJE/hqdefault.jpg
Anime Shorts,Black Bulls Squad Saves Finral,https://www.youtube.com/watch?v=DoSlRNHQz0I,PT17S,https://i.ytimg.com/vi/DoSlRNHQz0I/hqdefault.jpg
Anime Shorts,Chobei Aza edit,https://www.youtube.com/watch?v=3OmtK5a2WXY,PT18S,https://i.ytimg.com/vi/3OmtK5a2WXY/hqdefault.jpg
Anime Shorts,Julius vs. Conrad,https://www.youtube.com/watch?v=fDMaRcIWtkc,PT16S,https://i.ytimg.com/vi/fDMaRcIWtkc/hqdefault.jpg
Anime Shorts,Minato arrives at the 4th Great Ninja War,https://www.youtube.com/watch?v=vBtpZB6EcvE,PT21S,https://i.ytimg.com/vi/vBtpZB6EcvE/hqdefault.jpg
Anime Shorts,Muichiro cuts off Gyokko's head,https://www.youtube.com/watch?v=ZMGBeih0qYI,PT29S,https://i.ytimg.com/vi/ZMGBeih0qYI/hqdefault.jpg
Anime Shorts,Izuku vs. Tomura,https://www.youtube.com/watch?v=X_gBIwy32PE,PT24S,https://i.ytimg.com/vi/X_gBIwy32PE/hqdefault.jpg
Anime Shorts,Mereoleona enters the chat,https://www.youtube.com/watch?v=NdBic8fx7iw,PT14S,https://i.ytimg.com/vi/NdBic8fx7iw/hqdefault.jpg
Anime Shorts,Gyutaro edit,https://www.youtube.com/watch?v=2RYT3qnpf_A,PT9S,https://i.ytimg.com/vi/2RYT3qnpf_A/hqdefault.jpg
Anime Shorts,gojo vs toji round 2  #anime #animeedit #animemoments #animeshorts #jujutsukaisen #gojo #toji,https://www.youtube.com/watch?v=OhscDawS2LM,PT15S,https://i.ytimg.com/vi/OhscDawS2LM/hqdefault.jpg
Anime Shorts,9 hashira  #anime #animeedit #animemoments #animeshorts #demonslayer #kimetsunoyaiba #tanjiro #giyu,https://www.youtube.com/watch?v=2_a0JAV_zp8,PT19S,https://i.ytimg.com/vi/2_a0JAV_zp8/hqdefault.jpg
Anime Shorts,Gojo Satoru #anime #animeedit #animemoments #animeshorts #jujutsukaisen #gojo #getosuguru,https://www.youtube.com/watch?v=cZ1Psrl7RW8,PT12S,https://i.ytimg.com/vi/cZ1Psrl7RW8/hqdefault.jpg
Anime Shorts,Upper Moons #anime #animeedit #animemoments #animeshorts #demonslayer #kimetsunoyaiba #uppermoons,https://www.youtube.com/watch?v=2dOLmxAPxQI,PT13S,https://i.ytimg.com/vi/2dOLmxAPxQI/hqdefault.jpg
Anime Shorts,Jujutsu kaisen season2 #anime #animeedit #animemoments #animeshorts #jujutsukaisen #gojo #getosuguru,https://www.youtube.com/watch?v=90p-aouvmkg,PT16S,https://i.ytimg.com/vi/90p-aouvmkg/hqdefault.jpg
Anime Shorts,"Muzan, the demon #anime #animeedit #animemoments #animeshorts #demonslayer #kimetsunoyaiba #muzan",https://www.youtube.com/watch?v=A_CWEtOzGHA,PT15S,https://i.ytimg.com/vi/A_CWEtOzGHA/hqdefault.jpg
Anime Shorts,When gojo goes crazy #anime #animeedit #animemoments #animeshorts #jujutsukaisen #gojo #toji,https://www.youtube.com/watch?v=E6t2egv8BLg,PT24S,https://i.ytimg.com/vi/E6t2egv8BLg/hqdefault.jpg
Anime Shorts,Is naruto back again??? #anime #animeedit #animemoments #animeshorts #naruto #sasuke,https://www.youtube.com/watch?v=0XsZdCOSe6Y,PT15S,https://i.ytimg.com/vi/0XsZdCOSe6Y/hqdefault.jpg
Anime Shorts,Tokyo revengers was a bang!! #anime #animeedit #animemoments #animeshorts #tokyorevengersedit,https://www.youtube.com/watch?v=hnK-AQqsJM0,PT11S,https://i.ytimg.com/vi/hnK-AQqsJM0/hqdefault.jpg
Anime Shorts,The strongest character #anime #animeedit #animemoments #animeshorts #goku #dragonball,https://www.youtube.com/watch?v=Wkoo5ICNON4,PT17S,https://i.ytimg.com/vi/Wkoo5ICNON4/hqdefault.jpg
Anime Shorts,Elf mode on ! #anime #animeedit #animemoments #animeshorts #blackclover #asta #yami #spoiler,https://www.youtube.com/watch?v=QlWgWg7ArfA,PT17S,https://i.ytimg.com/vi/QlWgWg7ArfA/hqdefault.jpg
Anime Shorts,Chainsaw or Katana ? #anime #animeedit #animemoments #animeshorts #chainsawman,https://www.youtube.com/watch?v=dau03ZyT95k,PT11S,https://i.ytimg.com/vi/dau03ZyT95k/hqdefault.jpg
Anime Shorts,Old is gold :) #anime #animeedit #animemoments #animeshorts #onepiece #luffy #zoro,https://www.youtube.com/watch?v=h3szu1peW5A,PT14S,https://i.ytimg.com/vi/h3szu1peW5A/hqdefault.jpg
Anime Shorts,Is he really a demon ? #anime #animeedit #animemoments #animeshorts #demonslayer #akaza #tanjiro,https://www.youtube.com/watch?v=QsBBDJs83mA,PT12S,https://i.ytimg.com/vi/QsBBDJs83mA/hqdefault.jpg
Anime Shorts,Gears of the sun god #anime #animeedit #animemoments #animeshorts #onepiece #luffy,https://www.youtube.com/watch?v=Zzd3GsozJ4o,PT11S,https://i.ytimg.com/vi/Zzd3GsozJ4o/hqdefault.jpg
Anime Shorts,The Red Haired #anime #animeedit #animemoments #animeshorts #onepiece #shanks,https://www.youtube.com/watch?v=qrzRS4GwXbU,PT10S,https://i.ytimg.com/vi/qrzRS4GwXbU/hqdefault.jpg
Anime Shorts,Is asta even human ? #anime #animeedit #animemoments #animeshorts #blackclover #asta,https://www.youtube.com/watch?v=gqxc1cIr4_o,PT13S,https://i.ytimg.com/vi/gqxc1cIr4_o/hqdefault.jpg
Anime Shorts,Law childhood #anime #animeedit #animemoments #animeshorts #onepiece #trafalgarlaw,https://www.youtube.com/watch?v=0VqEXiaywZo,PT15S,https://i.ytimg.com/vi/0VqEXiaywZo/hqdefault.jpg
Anime Shorts,Powerrrrrrrr #anime #animeedit #animemoments #animeshorts #chainsawman #power,https://www.youtube.com/watch?v=Bg9hwKznwVU,PT12S,https://i.ytimg.com/vi/Bg9hwKznwVU/hqdefault.jpg
Anime Shorts,The king of hell ! #anime #animeedit #animemoments #animeshorts #onepiece #zoro,https://www.youtube.com/watch?v=_eKkO0jUm10,PT10S,https://i.ytimg.com/vi/_eKkO0jUm10/hqdefault.jpg
Anime Shorts,Luffy: Kaidooooo #anime #animeedit #animemoments #animeshorts #onepiece #luffy #kaido,https://www.youtube.com/watch?v=UX0H7KaPdCU,PT28S,https://i.ytimg.com/vi/UX0H7KaPdCU/hqdefault.jpg
Anime Shorts,Most beautiful blood art #anime #animeedit #animemoments #animeshorts #demonslayer #akaza #demon,https://www.youtube.com/watch?v=H9Pjmar_Uaw,PT19S,https://i.ytimg.com/vi/H9Pjmar_Uaw/hqdefault.jpg
Badass Anime Moments,Badass & Epic Anime Moments With Anime & Music Name Part 1 (TikTok Compilation),https://www.youtube.com/watch?v=MeqoIctCxZw,PT8M28S,https://i.ytimg.com/vi/MeqoIctCxZw/hqdefault.jpg
Badass Anime Moments,Badass & Epic Anime Moments With Anime & Music Name Part 2 (TikTok Compilation),https://www.youtube.com/watch?v=Sq_Qz2Go7Ug,PT9M10S,https://i.ytimg.com/vi/Sq_Qz2Go7Ug/hqdefault.jpg
Badass Anime Moments,Badass & Epic Anime Moments With Anime & Music Name Part 3 (TikTok Compilation),https://www.youtube.com/watch?v=Gn0jqd86zzM,PT9M36S,https://i.ytimg.com/vi/Gn0jqd86zzM/hqdefault.jpg
Badass Anime Moments,Badass & Epic Anime Moments With Anime & Music Name Part 4 (TikTok Compilation),https://www.youtube.com/watch?v=sACURA2KiwE,PT9M21S,https://i.ytimg.com/vi/sACURA2KiwE/hqdefault.jpg
Badass Anime Moments,Badass & Epic Anime Moments With Anime & Music Name Part 5 (TikTok Compilation),https://www.youtube.com/watch?v=y5gSQq5RDLg,PT10M52S,https://i.ytimg.com/vi/y5gSQq5RDLg/hqdefault.jpg
Badass Anime Moments,Badass Anime Moments With Anime & Music Name Part 6 (TikTok Compilation),https://www.youtube.com/watch?v=Z6Ks4RuMwuo,PT8M20S,https://i.ytimg.com/vi/Z6Ks4RuMwuo/hqdefault.jpg
Badass Anime Moments,Badass Anime Moments With Anime & Music Name Part 7 (TikTok Compilation),https://www.youtube.com/watch?v=gF-hfqhOe9k,PT12M59S,https://i.ytimg.com/vi/gF-hfqhOe9k/hqdefault.jpg
Badass Anime Moments,Badass Anime Moments TikTok Compilation Pt. 8 (Anime & Music Name Included),https://www.youtube.com/watch?v=ckWGNzzcOBo,PT11M6S,https://i.ytimg.com/vi/ckWGNzzcOBo/hqdefault.jpg
Badass Anime Moments,Badass Anime Moments TikTok Compilation Pt. 9 (Anime & Music Name Included),https://www.youtube.com/watch?v=0q0-qMPzB_w,PT9M33S,https://i.ytimg.com/vi/0q0-qMPzB_w/hqdefault.jpg
Badass Anime Moments,Badass Anime Moments TikTok Compilation Pt. 10 (Anime & Music Name Included),https://www.youtube.com/watch?v=LhfKbfIbmd4,PT11M17S,https://i.ytimg.com/vi/LhfKbfIbmd4/hqdefault.jpg
Badass Anime Moments,Badass Anime Moments TikTok Compilation Pt. 11 (Anime & Music Name Included),https://www.youtube.com/watch?v=pNcTE4_bvFY,PT10M8S,https://i.ytimg.com/vi/pNcTE4_bvFY/hqdefault.jpg
Badass Anime Moments,Badass Anime Moments TikTok Compilation Pt. 12 (Anime & Music Name Included),https://www.youtube.com/watch?v=-wUkd9YBDDU,PT11M55S,https://i.ytimg.com/vi/-wUkd9YBDDU/hqdefault.jpg
Badass Anime Moments,Badass Anime Moments TikTok Compilation Pt. 13 (Anime & Music Name Included),https://www.youtube.com/watch?v=j7EIQAG5PEo,PT9M58S,https://i.ytimg.com/vi/j7EIQAG5PEo/hqdefault.jpg
Badass Anime Moments,Badass Anime Moments TikTok Compilation Pt. 14 (Anime & Music Name Included),https://www.youtube.com/watch?v=5GRfzzYfLvA,PT9M19S,https://i.ytimg.com/vi/5GRfzzYfLvA/hqdefault.jpg
Badass Anime Moments,Badass Anime Moments TikTok Compilation Pt. 15 (Anime & Music Name Included),https://www.youtube.com/watch?v=V7ZYbbUihSU,PT8M24S,https://i.ytimg.com/vi/V7ZYbbUihSU/hqdefault.jpg
Badass Anime Moments,Badass Anime Moments TikTok Compilation Pt. 16 (Anime & Music Name Included),https://www.youtube.com/watch?v=B9SPZw2h8UQ,PT9M2S,https://i.ytimg.com/vi/B9SPZw2h8UQ/hqdefault.jpg
Badass Anime Moments,Badass Anime Moments TikTok Compilation Pt. 17 (Anime & Music Name Included),https://www.youtube.com/watch?v=flDGcEMRgvQ,PT11M11S,https://i.ytimg.com/vi/flDGcEMRgvQ/hqdefault.jpg
Badass Anime Moments,Badass Anime Moments TikTok Compilation Pt. 18 (Anime & Music Name Included),https://www.youtube.com/watch?v=uBUfcyWViKY,PT8M34S,https://i.ytimg.com/vi/uBUfcyWViKY/hqdefault.jpg
Badass Anime Moments,Badass Anime Moments TikTok Compilation Pt. 19 (Anime & Music Name Included),https://www.youtube.com/watch?v=x1y8u8C0wyc,PT8M5S,https://i.ytimg.com/vi/x1y8u8C0wyc/hqdefault.jpg
Badass Anime Moments,Badass Anime Moments TikTok Compilation Pt. 20 (Anime & Music Name Included),https://www.youtube.com/watch?v=1AIZNGbNW8M,PT8M52S,https://i.ytimg.com/vi/1AIZNGbNW8M/hqdefault.jpg
Badass Anime Moments,Badass Anime Moments TikTok Compilation Pt. 21 (Anime & Music Name Included),https://www.youtube.com/watch?v=S1-Bf_M7SZk,PT10M26S,https://i.ytimg.com/vi/S1-Bf_M7SZk/hqdefault.jpg
Badass Anime Moments,Badass Anime Moments TikTok Compilation Pt. 22 (Anime & Music Name Included),https://www.youtube.com/watch?v=6DE6slU-DpE,PT8M58S,https://i.ytimg.com/vi/6DE6slU-DpE/hqdefault.jpg
Badass Anime Moments,Badass Anime Moments TikTok Compilation Pt. 23 (Anime & Music Name Included),https://www.youtube.com/watch?v=TUWHF4Czg74,PT7M12S,https://i.ytimg.com/vi/TUWHF4Czg74/hqdefault.jpg
Badass Anime Moments,Badass Anime Moments TikTok Compilation Pt. 24 (Anime & Music Name Included),https://www.youtube.com/watch?v=oDaZ6_w7b9w,PT7M48S,https://i.ytimg.com/vi/oDaZ6_w7b9w/hqdefault.jpg
Badass Anime Moments,Badass Anime Moments TikTok Compilation Pt. 25 (Anime & Music Name Included),https://www.youtube.com/watch?v=trqkkdq6xgE,PT8M1S,https://i.ytimg.com/vi/trqkkdq6xgE/hqdefault.jpg
Badass Anime Moments,Badass Anime Moments TikTok Compilation Pt. 26 (Anime & Music Name Included),https://www.youtube.com/watch?v=Y5RiTA0uyb4,PT8M56S,https://i.ytimg.com/vi/Y5RiTA0uyb4/hqdefault.jpg
Badass Anime Moments,Badass Anime Moments TikTok Compilation Pt. 27 (Anime & Music Name Included),https://www.youtube.com/watch?v=YfxedmAM4mE,PT8M38S,https://i.ytimg.com/vi/YfxedmAM4mE/hqdefault.jpg
Badass Anime Moments,Badass Anime Moments TikTok Compilation Pt. 28 (Anime & Music Name Included),https://www.youtube.com/watch?v=bTkvwqyK1Ps,PT8M23S,https://i.ytimg.com/vi/bTkvwqyK1Ps/hqdefault.jpg
Badass Anime Moments,Badass Anime Moments TikTok Compilation Pt. 29 (Anime & Music Name Included),https://www.youtube.com/watch?v=FRk14YVDCwE,PT9M28S,https://i.ytimg.com/vi/FRk14YVDCwE/hqdefault.jpg
Badass Anime Moments,Badass Anime Moments TikTok Compilation Pt. 30 (Anime & Music Name Included),https://www.youtube.com/watch?v=CwRxsA44cSs,PT7M59S,https://i.ytimg.com/vi/CwRxsA44cSs/hqdefault.jpg
Badass Anime Moments,Badass Anime Moments TikTok Compilation Pt. 36 (Anime & Music Name Included),https://www.youtube.com/watch?v=6kkeytzIFKA,PT9M5S,https://i.ytimg.com/vi/6kkeytzIFKA/hqdefault.jpg
Badass Anime Moments,Badass Anime Moments TikTok Compilation Pt. 35 (Anime & Music Name Included),https://www.youtube.com/watch?v=ECPwsf5w6sg,PT11M37S,https://i.ytimg.com/vi/ECPwsf5w6sg/hqdefault.jpg
Badass Anime Moments,Badass Anime Moments TikTok Compilation Pt. 34 (Anime & Music Name Included),https://www.youtube.com/watch?v=DZ2U7oSUR64,PT9M13S,https://i.ytimg.com/vi/DZ2U7oSUR64/hqdefault.jpg
Badass Anime Moments,Badass Anime Moments TikTok Compilation Pt. 33 (Anime & Music Name Included),https://www.youtube.com/watch?v=sPKKIL-Cwy8,PT10M21S,https://i.ytimg.com/vi/sPKKIL-Cwy8/hqdefault.jpg
Badass Anime Moments,Badass Anime Moments TikTok Compilation Pt. 32 (Anime & Music Name Included),https://www.youtube.com/watch?v=95D2H_yJNCA,PT9M55S,https://i.ytimg.com/vi/95D2H_yJNCA/hqdefault.jpg
Badass Anime Moments,Badass Anime Moments TikTok Compilation Pt. 31 (Anime & Music Name Included),https://www.youtube.com/watch?v=Fhp9xYble0k,PT10M2S,https://i.ytimg.com/vi/Fhp9xYble0k/hqdefault.jpg
Badass Anime Moments,Badass Anime Moments TikTok Compilation Pt. 38 (Anime & Music Name Included),https://www.youtube.com/watch?v=ddqI0qUW7GA,PT11M51S,https://i.ytimg.com/vi/ddqI0qUW7GA/hqdefault.jpg
Badass Anime Moments,Badass Anime Moments TikTok Compilation Pt. 37 (Anime & Music Name Included),https://www.youtube.com/watch?v=x4_Ys38bo-c,PT13M23S,https://i.ytimg.com/vi/x4_Ys38bo-c/hqdefault.jpg
Badass Anime Moments,Badass Anime Moments TikTok Compilation Pt. 41 (Anime & Music Name Included),https://www.youtube.com/watch?v=A0cSIyllNYY,PT10M53S,https://i.ytimg.com/vi/A0cSIyllNYY/hqdefault.jpg
Badass Anime Moments,Badass Anime Moments TikTok Compilation Pt. 42 (Anime & Music Name Included),https://www.youtube.com/watch?v=eSh0eBuQDw4,PT12M41S,https://i.ytimg.com/vi/eSh0eBuQDw4/hqdefault.jpg
Badass Anime Moments,Badass Anime Moments TikTok Compilation Pt. 43 (Anime & Music Name Included),https://www.youtube.com/watch?v=sMknsm0KGjI,PT10M43S,https://i.ytimg.com/vi/sMknsm0KGjI/hqdefault.jpg
Badass Anime Moments,Badass Anime Moments TikTok Compilation Pt. 44 (Anime & Music Name Included),https://www.youtube.com/watch?v=q7MLlCPsCsA,PT10M5S,https://i.ytimg.com/vi/q7MLlCPsCsA/hqdefault.jpg
Badass Anime Moments,Badass Anime Moments TikTok Compilation Pt. 45 (Anime & Music Name Included),https://www.youtube.com/watch?v=6aQRTWTDoJw,PT9M10S,https://i.ytimg.com/vi/6aQRTWTDoJw/hqdefault.jpg
Badass Anime Moments,Badass Anime Moments TikTok Compilation Pt. 39 (Anime & Music Name Included),https://www.youtube.com/watch?v=afPZGFzdG4A,PT10M17S,https://i.ytimg.com/vi/afPZGFzdG4A/hqdefault.jpg
Badass Anime Moments,Badass Anime Moments TikTok Compilation Pt. 46 (Anime & Music Name Included),https://www.youtube.com/watch?v=QYMSvMKxOcQ,PT9M47S,https://i.ytimg.com/vi/QYMSvMKxOcQ/hqdefault.jpg
Badass Anime Moments,Badass Anime Moments TikTok Compilation Pt. 47 (Anime & Music Name Included),https://www.youtube.com/watch?v=rBszIBlEIzk,PT11M56S,https://i.ytimg.com/vi/rBszIBlEIzk/hqdefault.jpg
Badass Anime Moments,Badass Anime Moments TikTok Compilation Pt. 48 (Anime & Music Name Included),https://www.youtube.com/watch?v=EbcHW9rxVE8,PT9M20S,https://i.ytimg.com/vi/EbcHW9rxVE8/hqdefault.jpg
Badass Anime Moments,Badass Anime Moments TikTok Compilation Pt. 49 (Anime & Music Name Included),https://www.youtube.com/watch?v=vxoQeoFlmPE,PT8M50S,https://i.ytimg.com/vi/vxoQeoFlmPE/hqdefault.jpg
Badass Anime Moments,Badass Anime Moments TikTok Compilation Pt. 50 (Anime & Music Name Included),https://www.youtube.com/watch?v=fHy000G_Gxs,PT9M38S,https://i.ytimg.com/vi/fHy000G_Gxs/hqdefault.jpg
Badass Anime Moments,Badass Anime Moments TikTok Compilation Pt. 51 (Anime & Music Name Included),https://www.youtube.com/watch?v=_o9XoY1d8ok,PT11M11S,https://i.ytimg.com/vi/_o9XoY1d8ok/hqdefault.jpg
